Speaker,Line,NLTK
BRONN,Oil?,['oil']
GUARD,"Pitch, my lord.","['pitch', 'lord']"
BRONN,How many barrels?,"['mani', 'barrel']"
GUARD,"500, my lord.","['500', 'lord']"
BRONN,Get 500 more.,"['get', '500']"
GUARD,"Yes, my lord.","['ye', 'lord']"
BRONN,"I still enjoy it when they call me ""my lord.""","['still', 'enjoy', 'call', 'lord']"
JAIME,The thrill will fade.,"['thrill', 'fade']"
BRONN,If we live that long. Men without cocks. You wouldn't find me fighting in an army if I had no cock. What's left to fight for?,"['live', 'long', 'men', 'without', 'cock', 'wouldnt', 'find', 'fight', 'armi', 'cock', 'what', 'left', 'fight']"
JAIME,Gold?,['gold']
BRONN,I spent my life around soldiers. What do you think they spend that gold on?,"['spent', 'life', 'around', 'soldier', 'think', 'spend', 'gold']"
JAIME,Family.,['famili']
BRONN,"Not without a cock, you don't.","['without', 'cock', 'dont']"
JAIME,Maybe it really is all cocks in the end.,"['mayb', 'realli', 'cock', 'end']"
BRONN,"Yet, your brother has chosen to side with the cockless.","['yet', 'brother', 'chosen', 'side', 'cockless']"
JAIME,"Yes, he's always been a champion of the downtrodden.","['ye', 'he', 'alway', 'champion', 'downtrodden']"
SOUND EFFECT,(TRUMPET BLARES) - (DISTANT MEN SHRIEKING) - (HOOFBEATS THUNDERING) (SHRIEKING CONTINUES),"['trumpet', 'blare', 'distant', 'men', 'shriek', 'hoofbeat', 'thunder', 'shriek', 'continu']"
BRONN,I think we're about to be the downtrodden.,"['think', 'downtrodden']"
MAN,"Archers, stand tall!","['archer', 'stand', 'tall']"
SOUND EFFECT,(HORSES NEIGHING),"['hors', 'neigh']"
MAN #2,Cover that wall!,"['cover', 'wall']"
SOUND EFFECT,(SEAGULLS SCREECHING),"['seagul', 'screech']"
JON,How many people live here?,"['mani', 'peopl', 'live']"
TYRION,"A million, give or take.","['million', 'give', 'take']"
JON,That's more people than the entire North crammed into that. Why would anyone want to live that way?,"['that', 'peopl', 'entir', 'north', 'cram', 'would', 'anyon', 'want', 'live', 'way']"
TYRION,There's more work in the city. And the brothels are far superior.,"['there', 'work', 'citi', 'brothel', 'far', 'superior']"
SOUND EFFECT,(WIGHT SCREECHING) (SEAGULLS SCREECHING),"['wight', 'screech', 'seagul', 'screech']"
CERSEI,Why isn't she with them?,['isnt']
QYBURN,"I'm afraid I don't know, Your Grace. No one has seen her.","['im', 'afraid', 'dont', 'know', 'grace', 'one', 'seen']"
CERSEI,And the rest of them?,['rest']
QYBURN,They're on their way to the Dragonpit now.,"['theyr', 'way', 'dragonpit']"
CERSEI,Including our brother?,"['includ', 'brother']"
QYBURN,"Yes, Your Grace.","['ye', 'grace']"
CERSEI,"If anything goes wrong, kill the silver-haired bitch first, then our brother, then the bastard who calls himself king. The rest of them you can kill in any order you see fit. Come, Sir Gregor. It's time for us to meet our guests.","['anyth', 'goe', 'wrong', 'kill', 'silverhair', 'bitch', 'first', 'brother', 'bastard', 'call', 'king', 'rest', 'kill', 'order', 'see', 'fit', 'come', 'sir', 'gregor', 'time', 'us', 'meet', 'guest']"
SOUND EFFECT,(DONKEY BRAYING),"['donkey', 'bray']"
MISSANDEI,Why did they build it?,['build']
JORAH,"Dragons don't understand the difference between what is theirs and what isn't. Land, livestock, children Letting them roam free around a city was a problem.","['dragon', 'dont', 'understand', 'differ', 'isnt', 'land', 'livestock', 'children', 'let', 'roam', 'free', 'around', 'citi', 'problem']"
TYRION,"I imagine it was a sad joke at the end. An entire arena for a few sickly creatures smaller than dogs. But in the beginning, when it was home to Balerion the Dread, it must have been the most dangerous place in the world.","['imagin', 'sad', 'joke', 'end', 'entir', 'arena', 'sickli', 'creatur', 'smaller', 'dog', 'begin', 'home', 'balerion', 'dread', 'must', 'danger', 'place', 'world']"
DAVOS,Maybe it still is.,"['mayb', 'still']"
BRONN,"Welcome, my lords. Your friends arrived before you did. I've been sent to escort you all to the meeting.","['welcom', 'lord', 'friend', 'arriv', 'ive', 'sent', 'escort', 'meet']"
TYRION,A pleasant surprise in an unpleasant situation.,"['pleasant', 'surpris', 'unpleas', 'situat']"
PODRICK,"I never thought I'd see you again, my lord.","['never', 'thought', 'id', 'see', 'lord']"
TYRION,"Supporting the enemy, no less.","['support', 'enemi', 'less']"
PODRICK,Hard to blame you.,"['hard', 'blame']"
TYRION,Cersei will anyway.,"['cersei', 'anyway']"
PODRICK,I'm glad you're alive.,"['im', 'glad', 'your', 'aliv']"
BRONN,Come on! You can suck his magic cock later.,"['come', 'suck', 'magic', 'cock', 'later']"
MAN,What's in there?,['what']
HOUND,Fuck off.,['fuck']
BRIENNE,I thought you were dead.,"['thought', 'dead']"
HOUND,Not yet. You came pretty close.,"['yet', 'came', 'pretti', 'close']"
BRIENNE,I was only trying to protect her.,"['tri', 'protect']"
HOUND,You and me both.,[]
BRIENNE,She's alive. Arya.,"['she', 'aliv', 'arya']"
HOUND,Where?,[]
BRIENNE,Winterfell.,['winterfel']
HOUND,Who's protecting her if you're here?,"['who', 'protect', 'your']"
BRIENNE,The only one that needs protecting is the one that gets in her way.,"['one', 'need', 'protect', 'one', 'get', 'way']"
HOUND,It won't be me.,['wont']
TYRION,Here we are the heroes of Blackwater Bay. Strange place for a reunion.,"['hero', 'blackwat', 'bay', 'strang', 'place', 'reunion']"
PODRICK,"It is, my lord.",['lord']
TYRION,"I don't think I'm anyone's lord anymore, Podrick. Save the titles for Ser Bronn of the Blackwater.","['dont', 'think', 'im', 'anyon', 'lord', 'anymor', 'podrick', 'save', 'titl', 'ser', 'bronn', 'blackwat']"
BRONN,I'm sure your new queen will be happy to restore yours if she ends up on the throne.,"['im', 'sure', 'new', 'queen', 'happi', 'restor', 'end', 'throne']"
TYRION,"You've been thinking about our new queen? Perhaps you've been reconsidering your allegiances. Remember my offer whatever they're paying you, I'll pay double.","['youv', 'think', 'new', 'queen', 'perhap', 'youv', 'reconsid', 'allegi', 'rememb', 'offer', 'whatev', 'theyr', 'pay', 'ill', 'pay', 'doubl']"
VARYS,"And that would be double what now, exactly?","['would', 'doubl', 'exactli']"
BRONN,Don't you worry about me. I'm doing all right. Looking after myself.,"['dont', 'worri', 'im', 'right', 'look']"
TYRION,"Are you? Helping me to arrange this meeting wasn't exactly looking after yourself, was it? You put yourself at risk.","['help', 'arrang', 'meet', 'wasnt', 'exactli', 'look', 'put', 'risk']"
BRONN,"I put yourself at risk. Important difference. It's your head Queen Cersei's offered a bag of gold for, it's not mine. Now, thanks to me, she's got two traitors' heads coming right through her door. She can lop them both off as soon as she gets tired of the clever words that pour out their pieholes. All thanks to Ser Bronn of the fucking Blackwater. If that's not looking after myself, I don't know what is.","['put', 'risk', 'import', 'differ', 'head', 'queen', 'cersei', 'offer', 'bag', 'gold', 'mine', 'thank', 'she', 'got', 'two', 'traitor', 'head', 'come', 'right', 'door', 'lop', 'soon', 'get', 'tire', 'clever', 'word', 'pour', 'piehol', 'thank', 'ser', 'bronn', 'fuck', 'blackwat', 'that', 'look', 'dont', 'know']"
TYRION,It's good to see you again.,"['good', 'see']"
BRONN,"Yeah, you, too.",['yeah']
HOUND,"Anyone touches it, I'll kill you first.","['anyon', 'touch', 'ill', 'kill', 'first']"
BRONN,"Come on, Pod. Let's you and me go have a drink while the fancy folks talk, eh?","['come', 'pod', 'let', 'go', 'drink', 'fanci', 'folk', 'talk', 'eh']"
HOUND,I left this shit city because I didn't want to die in it. Am I going to die in this shit city?,"['left', 'shit', 'citi', 'didnt', 'want', 'die', 'go', 'die', 'shit', 'citi']"
TYRION,You might.,['might']
HOUND,And this is all your idea. Seems every bad idea has some Lannister cunt behind it.,"['idea', 'seem', 'everi', 'bad', 'idea', 'lannist', 'cunt', 'behind']"
TYRION,And some Clegane cunt to help them see it through.,"['clegan', 'cunt', 'help', 'see']"
SOUND EFFECT,(FOOTSTEPS APPROACH),"['footstep', 'approach']"
HOUND,"Remember me? Yeah, you do. You're even fucking uglier than I am now. What did they do to you? Doesn't matter. That's not how it ends for you, brother. You know who's coming for you. You've always known.","['rememb', 'yeah', 'your', 'even', 'fuck', 'uglier', 'doesnt', 'matter', 'that', 'end', 'brother', 'know', 'who', 'come', 'youv', 'alway', 'known']"
CERSEI,Where is she?,[]
TYRION,She'll be here soon.,"['shell', 'soon']"
CERSEI,Didn't travel with you?,"['didnt', 'travel']"
TYRION,No.,[]
SOUND EFFECT,(DRAGONS SCREECHING) - (SCREECHING) - (WINGS FLAPPING) (ROARING) (ROARING),"['dragon', 'screech', 'screech', 'wing', 'flap', 'roar', 'roar']"
CERSEI,We've been here for some time.,"['weve', 'time']"
DAENERYS,My apologies.,['apolog']
TYRION,We are all facing a unique,"['face', 'uniqu']"
EURON,"Theon! I have your sister. If you don't submit to me here, now I'll kill her.","['theon', 'sister', 'dont', 'submit', 'ill', 'kill']"
TYRION,I think we ought to begin with larger concerns.,"['think', 'ought', 'begin', 'larger', 'concern']"
EURON,Then why are you talking? You're the smallest concern here.,"['talk', 'your', 'smallest', 'concern']"
TYRION,Do you remember when we discussed dwarf jokes?,"['rememb', 'discuss', 'dwarf', 'joke']"
THEON,His wasn't even good.,"['wasnt', 'even', 'good']"
TYRION,He explained it at the end. Never explain. It always ruins it.,"['explain', 'end', 'never', 'explain', 'alway', 'ruin']"
EURON,"We don't even let your kind live in the Iron Islands, you know? We kill you at birth. An act of mercy for the parents.","['dont', 'even', 'let', 'kind', 'live', 'iron', 'island', 'know', 'kill', 'birth', 'act', 'merci', 'parent']"
JAIME,Perhaps you ought to sit down.,"['perhap', 'ought', 'sit']"
EURON,Why?,[]
CERSEI,Sit down or leave.,"['sit', 'leav']"
SOUND EFFECT,(LAUGHING),['laugh']
TYRION,"We are a group of people who do not like one another, as this recent demonstration has shown. We have suffered at each other's hands. We have lost people we love at each other's hands. If all we wanted was more of the same, there would be no need for this gathering. We are entirely capable of waging war against each other without meeting face-to-face.","['group', 'peopl', 'like', 'one', 'anoth', 'recent', 'demonstr', 'shown', 'suffer', 'other', 'hand', 'lost', 'peopl', 'love', 'other', 'hand', 'want', 'would', 'need', 'gather', 'entir', 'capabl', 'wage', 'war', 'without', 'meet', 'facetofac']"
CERSEI,"So instead, we should settle our differences and live together in harmony for the rest of our days?","['instead', 'settl', 'differ', 'live', 'togeth', 'harmoni', 'rest', 'day']"
TYRION,We all know that will never happen.,"['know', 'never', 'happen']"
CERSEI,Then why are we here?,[]
JON,This isn't about living in harmony. It's just about living. The same thing is coming for all of us. A general you can't negotiate with. An army that doesn't leave corpses behind on the battlefield. Lord Tyrion tells me a million people live in this city. They're about to become a million more soldiers in the Army of the Dead.,"['isnt', 'live', 'harmoni', 'live', 'thing', 'come', 'us', 'gener', 'cant', 'negoti', 'armi', 'doesnt', 'leav', 'corps', 'behind', 'battlefield', 'lord', 'tyrion', 'tell', 'million', 'peopl', 'live', 'citi', 'theyr', 'becom', 'million', 'soldier', 'armi', 'dead']"
CERSEI,I imagine for most of them it would be an improvement.,"['imagin', 'would', 'improv']"
JON,This is serious. I wouldn't be here if it weren't.,"['seriou', 'wouldnt', 'werent']"
CERSEI,"I don't think it's serious at all. I think it's another bad joke. If my brother Jaime has informed me correctly, you're asking me for a truce.","['dont', 'think', 'seriou', 'think', 'anoth', 'bad', 'joke', 'brother', 'jaim', 'inform', 'correctli', 'your', 'ask', 'truce']"
DAENERYS,Yes. That's all.,"['ye', 'that']"
CERSEI,That's all? Pull back my armies and stand down while you go on your monster hunt. Or while you solidify and expand your position. Hard for me to know which it is with my armies pulled back until you return and march on my capital with four times the men.,"['that', 'pull', 'back', 'armi', 'stand', 'go', 'monster', 'hunt', 'solidifi', 'expand', 'posit', 'hard', 'know', 'armi', 'pull', 'back', 'return', 'march', 'capit', 'four', 'time', 'men']"
DAENERYS,Your capital will be safe until the northern threat is dealt with. You have my word.,"['capit', 'safe', 'northern', 'threat', 'dealt', 'word']"
CERSEI,The word of a would-be usurper.,"['word', 'wouldb', 'usurp']"
TYRION,There is no conversation that will erase the last 50 years. We have something to show you.,"['convers', 'eras', 'last', '50', 'year', 'someth', 'show']"
SOUND EFFECT,(CHAINS RATTLING) (BOX THUDS) (SCREECHING) (GRUNTS) (SCREECHING),"['chain', 'rattl', 'box', 'thud', 'screech', 'grunt', 'screech']"
JON,We can destroy them by burning them.,"['destroy', 'burn']"
SOUND EFFECT,(SCREECHING),['screech']
JON,"And we can destroy them with dragonglass. If we don't win this fight, then that is the fate of every person in the world.","['destroy', 'dragonglass', 'dont', 'win', 'fight', 'fate', 'everi', 'person', 'world']"
SOUND EFFECT,(GRUNTS),['grunt']
JON,There is only one war that matters the Great War. And it is here.,"['one', 'war', 'matter', 'great', 'war']"
DAENERYS,I didn't believe it until I saw them. I saw them all.,"['didnt', 'believ', 'saw', 'saw']"
JAIME,How many?,['mani']
DAENERYS,"A hundred thousand, at least.","['hundr', 'thousand', 'least']"
EURON,Can they swim?,['swim']
JON,No.,[]
EURON,Good.,['good']
EURON,I'm taking the Iron Fleet back to the Iron Islands.,"['im', 'take', 'iron', 'fleet', 'back', 'iron', 'island']"
CERSEI,What are you talking about?,['talk']
EURON,"I've been around the world. I've seen everything, things you couldn't imagine, and this this is the only thing I've ever seen that terrifies me. I'm going back to my island. You should go back to yours. When winter's over, we'll be the only ones left alive.","['ive', 'around', 'world', 'ive', 'seen', 'everyth', 'thing', 'couldnt', 'imagin', 'thing', 'ive', 'ever', 'seen', 'terrifi', 'im', 'go', 'back', 'island', 'go', 'back', 'winter', 'well', 'one', 'left', 'aliv']"
CERSEI,"He's right to be afraid. And a coward to run. If those things come for us, there will be no kingdoms to rule. Everything we suffered will have been for nothing. Everything we lost will have been for nothing. The crown accepts your truce. Until the dead are defeated, they are the true enemy.","['he', 'right', 'afraid', 'coward', 'run', 'thing', 'come', 'us', 'kingdom', 'rule', 'everyth', 'suffer', 'noth', 'everyth', 'lost', 'noth', 'crown', 'accept', 'truce', 'dead', 'defeat', 'true', 'enemi']"
SOUND EFFECT,(SIGHS),['sigh']
CERSEI,"In return, the King in the North will extend this truce. He will remain in the North where he belongs. He will not take up arms against the Lannisters. He will not choose sides.","['return', 'king', 'north', 'extend', 'truce', 'remain', 'north', 'belong', 'take', 'arm', 'lannist', 'choos', 'side']"
DAENERYS,Just the King in the North? - Not me? -,"['king', 'north']"
CERSEI,"I would never ask it of you. You would never agree to it. And if you did, I would trust you even less than I do now. I ask it only of Ned Stark's son. I know Ned Stark's son will be true to his word.","['would', 'never', 'ask', 'would', 'never', 'agre', 'would', 'trust', 'even', 'less', 'ask', 'ned', 'stark', 'son', 'know', 'ned', 'stark', 'son', 'true', 'word']"
JON,I am true to my word. Or I try to be. That is why I cannot give you what you ask. I cannot serve two queens. And I have already pledged myself to Queen Daenerys of House Targaryen.,"['true', 'word', 'tri', 'give', 'ask', 'serv', 'two', 'queen', 'alreadi', 'pledg', 'queen', 'daeneri', 'hous', 'targaryen']"
CERSEI,Then there is nothing left to discuss. The dead will come north first. Enjoy dealing with them. We will deal with whatever is left of you.,"['noth', 'left', 'discuss', 'dead', 'come', 'north', 'first', 'enjoy', 'deal', 'deal', 'whatev', 'left']"
BRIENNE,Ser Jaime.,"['ser', 'jaim']"
JAIME,It's been good to see you. I imagine the next time will be across a battlefield.,"['good', 'see', 'imagin', 'next', 'time', 'across', 'battlefield']"
BRIENNE,We both saw what just happened. We both saw that thing.,"['saw', 'happen', 'saw', 'thing']"
JAIME,"Yes, and I'm not looking forward to seeing more of them. But I'm loyal to the queen, and you're loyal to Sansa and her dolt brother.","['ye', 'im', 'look', 'forward', 'see', 'im', 'loyal', 'queen', 'your', 'loyal', 'sansa', 'dolt', 'brother']"
BRIENNE,"Oh, fuck loyalty!","['oh', 'fuck', 'loyalti']"
JAIME,Fuck loyalty? This goes beyond houses and honor and oaths. Talk to the queen.,"['fuck', 'loyalti', 'goe', 'beyond', 'hous', 'honor', 'oath', 'talk', 'queen']"
JAIME,And tell her what?,['tell']
DAVOS,I wish you hadn't done that.,"['wish', 'hadnt', 'done']"
DAENERYS,"I'm grateful for your loyalty, but my dragon died so that we could be here. If it's all for nothing, then he died for nothing.","['im', 'grate', 'loyalti', 'dragon', 'die', 'could', 'noth', 'die', 'noth']"
JON,I know!,['know']
TYRION,"I'm pleased you bent the knee to our queen. I would have advised it, had you asked. But have you ever considered learning how to lie every now and then? Just a bit?","['im', 'pleas', 'bent', 'knee', 'queen', 'would', 'advis', 'ask', 'ever', 'consid', 'learn', 'lie', 'everi', 'bit']"
JON,"I'm not going to swear an oath I can't uphold. Talk about my father if you want, tell me that's the attitude that got him killed. But when enough people make false promises, words stop meaning anything. Then there are no more answers, only better and better lies. And lies won't help us in this fight.","['im', 'go', 'swear', 'oath', 'cant', 'uphold', 'talk', 'father', 'want', 'tell', 'that', 'attitud', 'got', 'kill', 'enough', 'peopl', 'make', 'fals', 'promis', 'word', 'stop', 'mean', 'anyth', 'answer', 'better', 'better', 'lie', 'lie', 'wont', 'help', 'us', 'fight']"
TYRION,That is indeed a problem. The more immediate problem is that we're fucked.,"['inde', 'problem', 'immedi', 'problem', 'fuck']"
DAVOS,Any ideas as to how we might change that state of affairs?,"['idea', 'might', 'chang', 'state', 'affair']"
TYRION,"Only one. Everyone stays here, and I go and talk to my sister.","['one', 'everyon', 'stay', 'go', 'talk', 'sister']"
DAENERYS,I didn't come all this way to have my Hand murdered.,"['didnt', 'come', 'way', 'hand', 'murder']"
TYRION,I don't want Cersei to murder me either. I could have stayed in my cell and saved a great deal of trouble.,"['dont', 'want', 'cersei', 'murder', 'either', 'could', 'stay', 'cell', 'save', 'great', 'deal', 'troubl']"
JON,I did this. I should go.,['go']
TYRION,She'll definitely murder you. I go see my sister alone. Or we all go home and we're right back where we started.,"['shell', 'definit', 'murder', 'go', 'see', 'sister', 'alon', 'go', 'home', 'right', 'back', 'start']"
TYRION,You spoke with her?,['spoke']
JAIME,"At her until she kicked me out. She thinks I was an idiot to trust you. A lot of people seem to think that, actually.","['kick', 'think', 'idiot', 'trust', 'lot', 'peopl', 'seem', 'think', 'actual']"
TYRION,"I'm about to step into a room with the most murderous woman in the world who's already tried to kill me twice, that I know of. Who's an idiot?","['im', 'step', 'room', 'murder', 'woman', 'world', 'who', 'alreadi', 'tri', 'kill', 'twice', 'know', 'who', 'idiot']"
JAIME,"I suppose we should say goodbye, one idiot to another.","['suppos', 'say', 'goodby', 'one', 'idiot', 'anoth']"
CERSEI,"I shouldn't be surprised, I suppose. She's your kind of woman a foreign whore who doesn't know her place.","['shouldnt', 'surpris', 'suppos', 'she', 'kind', 'woman', 'foreign', 'whore', 'doesnt', 'know', 'place']"
TYRION,"A foreign whore you can't abduct, beat, or intimidate. That must be difficult for you.","['foreign', 'whore', 'cant', 'abduct', 'beat', 'intimid', 'must', 'difficult']"
CERSEI,"So you bring her here with her pet Northerner, whom you've convinced to bow down before her.","['bring', 'pet', 'northern', 'youv', 'convinc', 'bow']"
TYRION,I didn't know about that.,"['didnt', 'know']"
CERSEI,"And now you've got them both working towards the same goal, the goal you've worked towards your entire life","['youv', 'got', 'work', 'toward', 'goal', 'goal', 'youv', 'work', 'toward', 'entir', 'life']"
TYRION,"Cersei, I didn't know.","['cersei', 'didnt', 'know']"
CERSEI,the destruction of this family.,"['destruct', 'famili']"
TYRION,I am the one preventing that from happening. Daenerys didn't want to debate and negotiate. She didn't want to bring you words. She wanted to bring you fire and blood until I advised her otherwise. I don't want to destroy our family. I never have.,"['one', 'prevent', 'happen', 'daeneri', 'didnt', 'want', 'debat', 'negoti', 'didnt', 'want', 'bring', 'word', 'want', 'bring', 'fire', 'blood', 'advis', 'otherwis', 'dont', 'want', 'destroy', 'famili', 'never']"
CERSEI,You killed our father.,"['kill', 'father']"
TYRION,"After he sentenced me to death for a crime I didn't commit, yes, I killed him. Hate me for it if you want. I hate myself for it in spite of what he was, in spite of what he did to me.","['sentenc', 'death', 'crime', 'didnt', 'commit', 'ye', 'kill', 'hate', 'want', 'hate', 'spite', 'spite']"
CERSEI,"Oh, poor little man. Your papa was mean to you. Do you have any idea what you did when you fired that crossbow? You left us open. You laid us bare for the vultures, and the vultures came and tore us apart. You may not have killed Joffrey, but you killed Myrcella, you killed Tommen. No one would've touched them if Father was here. No one would have dared","['oh', 'poor', 'littl', 'man', 'papa', 'mean', 'idea', 'fire', 'crossbow', 'left', 'us', 'open', 'laid', 'us', 'bare', 'vultur', 'vultur', 'came', 'tore', 'us', 'apart', 'may', 'kill', 'joffrey', 'kill', 'myrcella', 'kill', 'tommen', 'one', 'wouldv', 'touch', 'father', 'one', 'would', 'dare']"
TYRION,I have never been more sorry about anything.,"['never', 'sorri', 'anyth']"
CERSEI,"I will not hear it, not from you. I will not hear it!","['hear', 'hear']"
TYRION,"All right. You love your family, and I have destroyed it. I will always be a threat. So put an end to me. If it weren't for me, you'd have a mother. If it weren't for me, you'd have a father. If it weren't for me, you'd have two beautiful children. I've thought about killing you more times than I can count. Do it! Say the word.","['right', 'love', 'famili', 'destroy', 'alway', 'threat', 'put', 'end', 'werent', 'youd', 'mother', 'werent', 'youd', 'father', 'werent', 'youd', 'two', 'beauti', 'children', 'ive', 'thought', 'kill', 'time', 'count', 'say', 'word']"
SOUND EFFECT,(SIGHS) (PANTS),"['sigh', 'pant']"
TYRION,I am more sorry about the children than you could ever know.,"['sorri', 'children', 'could', 'ever', 'know']"
CERSEI,I will not,[]
TYRION,I don't care. I loved them. You know I did. You know it in your heart if there's anything left of it.,"['dont', 'care', 'love', 'know', 'know', 'heart', 'there', 'anyth', 'left']"
CERSEI,It doesn't matter. Your love doesn't matter. Your feelings don't matter. I don't care why you did what you did. I only care what it cost us. It cost us our future.,"['doesnt', 'matter', 'love', 'doesnt', 'matter', 'feel', 'dont', 'matter', 'dont', 'care', 'care', 'cost', 'us', 'cost', 'us', 'futur']"
TYRION,"If there's no future, then why are we here? Why did you allow me to come?","['there', 'futur', 'allow', 'come']"
CERSEI,Not to help my enemies collaborate in my destruction.,"['help', 'enemi', 'collabor', 'destruct']"
TYRION,"Yes, no, not what you hoped for, but you must have hoped for something.","['ye', 'hope', 'must', 'hope', 'someth']"
CERSEI,What did you hope for? - To make Jon Snow submit to your queen?,"['hope', 'make', 'jon', 'snow', 'submit', 'queen']"
TYRION,"Mm, not like this.","['mm', 'like']"
CERSEI,"But eventually, you want everyone to bend the knee to her.","['eventu', 'want', 'everyon', 'bend', 'knee']"
TYRION,Yes.,['ye']
CERSEI,Why?,[]
TYRION,Because I think she will make the world a better place.,"['think', 'make', 'world', 'better', 'place']"
CERSEI,You said she'd destroy King's Landing.,"['said', 'shed', 'destroy', 'king', 'land']"
TYRION,She knows herself. She chose an advisor who would check her worst impulses instead of feeding them. That's the difference between you.,"['know', 'chose', 'advisor', 'would', 'check', 'worst', 'impuls', 'instead', 'feed', 'that', 'differ']"
CERSEI,"I don't care about checking my worst impulses. I don't care about making the world a better place. Hang the world. That thing you dragged here, I know what it is, I know what it means. And when it came at me, I didn't think about the world. Not at all. As soon as it opened its mouth, the world disappeared for me, right down its black throat. All I could think about was keeping those gnashing teeth away from the ones who matter most, away from my family. Maybe Euron Greyjoy had the right idea. Get on a boat, take those who matter","['dont', 'care', 'check', 'worst', 'impuls', 'dont', 'care', 'make', 'world', 'better', 'place', 'hang', 'world', 'thing', 'drag', 'know', 'know', 'mean', 'came', 'didnt', 'think', 'world', 'soon', 'open', 'mouth', 'world', 'disappear', 'right', 'black', 'throat', 'could', 'think', 'keep', 'gnash', 'teeth', 'away', 'one', 'matter', 'away', 'famili', 'mayb', 'euron', 'greyjoy', 'right', 'idea', 'get', 'boat', 'take', 'matter']"
TYRION,You're pregnant.,"['your', 'pregnant']"
SOUND EFFECT,(SIGHS),['sigh']
JON,No one is less happy about this than I am.,"['one', 'less', 'happi']"
DAENERYS,"I know. I respect what you did. Wish you hadn't done it, but I respect it. This place was the beginning of the end for my family.","['know', 'respect', 'wish', 'hadnt', 'done', 'respect', 'place', 'begin', 'end', 'famili']"
SOUND EFFECT,(SPEAKING VALYRIAN),"['speak', 'valyrian']"
DAENERYS,"A dragon is not a slave. They were terrifying. Extraordinary. They filled people with wonder and awe, and we locked them in here. They wasted away. They grew small. And we grew small as well. We weren't extraordinary without them. We were just like everyone else.","['dragon', 'slave', 'terrifi', 'extraordinari', 'fill', 'peopl', 'wonder', 'awe', 'lock', 'wast', 'away', 'grew', 'small', 'grew', 'small', 'well', 'werent', 'extraordinari', 'without', 'like', 'everyon', 'els']"
JON,You're not like everyone else. And your family hasn't seen its end. You're still here.,"['your', 'like', 'everyon', 'els', 'famili', 'hasnt', 'seen', 'end', 'your', 'still']"
DAENERYS,I can't have children.,"['cant', 'children']"
JON,Who told you that?,['told']
DAENERYS,The witch who murdered my husband.,"['witch', 'murder', 'husband']"
JON,Has it occurred to you she might not have been a reliable source of information?,"['occur', 'might', 'reliabl', 'sourc', 'inform']"
DAENERYS,"You were right from the beginning. If I had trusted you, everything would be different.","['right', 'begin', 'trust', 'everyth', 'would', 'differ']"
JON,"So, what now?",[]
DAENERYS,I can't forget what I saw north of the Wall. And I can't pretend that Cersei won't take back half the country the moment I march north.,"['cant', 'forget', 'saw', 'north', 'wall', 'cant', 'pretend', 'cersei', 'wont', 'take', 'back', 'half', 'countri', 'moment', 'march', 'north']"
JON,It appears Tyrion's assessment was correct. We're fucked.,"['appear', 'tyrion', 'assess', 'correct', 'fuck']"
SOUND EFFECT,(FOOTSTEPS APPROACHING) (FOOTSTEPS APPROACHING),"['footstep', 'approach', 'footstep', 'approach']"
CERSEI,"My armies will not stand down. I will not pull them back to the capital. I will march them north to fight alongside you in the Great War. The darkness is coming for us all. We'll face it together. And when the Great War is over, perhaps you'll remember I chose to help with no promises or assurances from any of you. I expect not. Call our banners. All of them.","['armi', 'stand', 'pull', 'back', 'capit', 'march', 'north', 'fight', 'alongsid', 'great', 'war', 'dark', 'come', 'us', 'well', 'face', 'togeth', 'great', 'war', 'perhap', 'youll', 'rememb', 'chose', 'help', 'promis', 'assur', 'expect', 'call', 'banner']"
SOUND EFFECT,#NAME?,"['wind', 'howl', 'caw']"
LITTLEFINGER,It's not easy for ravens to fly in these storms. Perhaps Jon tried to send word earlier.,"['easi', 'raven', 'fli', 'storm', 'perhap', 'jon', 'tri', 'send', 'word', 'earlier']"
SANSA,"No, this is the way he is, the way he's always been. He never asked for my opinion. Why would he start now?","['way', 'way', 'he', 'alway', 'never', 'ask', 'opinion', 'would', 'start']"
LITTLEFINGER,I can't believe he'd surrender the Northern crown without consulting you.,"['cant', 'believ', 'hed', 'surrend', 'northern', 'crown', 'without', 'consult']"
SANSA,"This is his writing, his signature. He pledged to fight for Daenerys Targaryen. He's bent the knee.","['write', 'signatur', 'pledg', 'fight', 'daeneri', 'targaryen', 'he', 'bent', 'knee']"
LITTLEFINGER,I've heard gossip that the Dragon Queen is quite beautiful.,"['ive', 'heard', 'gossip', 'dragon', 'queen', 'quit', 'beauti']"
SANSA,What does that have to do with anything?,['anyth']
LITTLEFINGER,Jon is young and unmarried. Daenerys is young and unmarried.,"['jon', 'young', 'unmarri', 'daeneri', 'young', 'unmarri']"
SANSA,You think he wants to marry her?,"['think', 'want', 'marri']"
LITTLEFINGER,"An alliance makes sense. Together, they'd be difficult to defeat. He was named King in the North. He can be unnamed.","['allianc', 'make', 'sens', 'togeth', 'theyd', 'difficult', 'defeat', 'name', 'king', 'north', 'unnam']"
SANSA,"Even if I wanted to, Arya would never go along. She always loved Jon far more than she ever loved me, and she'd kill anyone who betrayed her family.","['even', 'want', 'arya', 'would', 'never', 'go', 'along', 'alway', 'love', 'jon', 'far', 'ever', 'love', 'shed', 'kill', 'anyon', 'betray', 'famili']"
LITTLEFINGER,"You are family, too. Would Arya really murder her own sister?","['famili', 'would', 'arya', 'realli', 'murder', 'sister']"
SANSA,Do you know what she is now? Do you know what the Faceless Men are?,"['know', 'know', 'faceless', 'men']"
LITTLEFINGER,"Only by reputation. They worship the God of Death, I believe. I never trust godly men.","['reput', 'worship', 'god', 'death', 'believ', 'never', 'trust', 'godli', 'men']"
SANSA,They're killers. And Arya was one of them. What do you think she's after?,"['theyr', 'killer', 'arya', 'one', 'think', 'she']"
LITTLEFINGER,"She's your sister. You know her far better than I ever could. Sometimes when I try to understand a person's motives, I play a little game. I assume the worst. What's the worst reason they could possibly have for saying what they say and doing what they do? Then I ask myself, ""How well does that reason explain what they say and what they do?"" So, tell me what's the worst thing she could want?","['she', 'sister', 'know', 'far', 'better', 'ever', 'could', 'sometim', 'tri', 'understand', 'person', 'motiv', 'play', 'littl', 'game', 'assum', 'worst', 'what', 'worst', 'reason', 'could', 'possibl', 'say', 'say', 'ask', 'well', 'reason', 'explain', 'say', 'tell', 'what', 'worst', 'thing', 'could', 'want']"
SANSA,She could want me dead because she thinks I wronged my family.,"['could', 'want', 'dead', 'think', 'wrong', 'famili']"
LITTLEFINGER,Why did she come to Winterfell?,"['come', 'winterfel']"
SANSA,To kill me for marrying our enemies and betraying my family.,"['kill', 'marri', 'enemi', 'betray', 'famili']"
LITTLEFINGER,Why did she unearth the letter Cersei made you write?,"['unearth', 'letter', 'cersei', 'made', 'write']"
SANSA,To provide proof of my betrayals. To provide justification after she murders me.,"['provid', 'proof', 'betray', 'provid', 'justif', 'murder']"
LITTLEFINGER,"And after she murders you, what does she become?","['murder', 'becom']"
SANSA,Lady of Winterfell.,"['ladi', 'winterfel']"
SOUND EFFECT,(WAVES CRASHING),"['wave', 'crash']"
JON,"If we have the Dothraki ride hard on the kingsroad, they'll arrive at Winterfell within the fortnight.","['dothraki', 'ride', 'hard', 'kingsroad', 'theyll', 'arriv', 'winterfel', 'within', 'fortnight']"
DAENERYS,And the Unsullied?,['unsulli']
JON,"We can sail with them to White Harbor, meet the Dothraki here on the kingsroad, then ride together to Winterfell.","['sail', 'white', 'harbor', 'meet', 'dothraki', 'kingsroad', 'ride', 'togeth', 'winterfel']"
JORAH,"Perhaps you should fly to Winterfell, Your Grace. You have many enemies in the North. Thousands fell fighting your father. All it takes is one angry man with a crossbow. He'll see your silver hair on the kingsroad and know that one well-placed bolt will make him a hero. The man who killed the conqueror.","['perhap', 'fli', 'winterfel', 'grace', 'mani', 'enemi', 'north', 'thousand', 'fell', 'fight', 'father', 'take', 'one', 'angri', 'man', 'crossbow', 'hell', 'see', 'silver', 'hair', 'kingsroad', 'know', 'one', 'wellplac', 'bolt', 'make', 'hero', 'man', 'kill', 'conqueror']"
JON,"It's your decision, Your Grace. But if we're going to be allies in this war, it's important for the Northerners to see us as allies. If we sail to White Harbor together, I think it sends a better message.","['decis', 'grace', 'go', 'alli', 'war', 'import', 'northern', 'see', 'us', 'alli', 'sail', 'white', 'harbor', 'togeth', 'think', 'send', 'better', 'messag']"
DAENERYS,I've not come to conquer the North. I'm coming to save the North. We sail together.,"['ive', 'come', 'conquer', 'north', 'im', 'come', 'save', 'north', 'sail', 'togeth']"
THEON,Jon. Can I speak with you?,"['jon', 'speak']"
JON,All right.,['right']
THEON,"What you did in King's Landing, what you said you could've lied to Cersei about bending the knee to Daenerys. You risked everything to tell an enemy the truth.","['king', 'land', 'said', 'couldv', 'lie', 'cersei', 'bend', 'knee', 'daeneri', 'risk', 'everyth', 'tell', 'enemi', 'truth']"
JON,We went down there to make peace. And it seems to me we need to be honest with each other if we're going to fight together.,"['went', 'make', 'peac', 'seem', 'need', 'honest', 'go', 'fight', 'togeth']"
THEON,"You've always known what was right. Even when we were all young and stupid, you always knew. Every step you take it's always the right step.","['youv', 'alway', 'known', 'right', 'even', 'young', 'stupid', 'alway', 'knew', 'everi', 'step', 'take', 'alway', 'right', 'step']"
JON,"It's not. It may seem that way from the outside, but I promise you, it's not true. I've done plenty of things that I regret.","['may', 'seem', 'way', 'outsid', 'promis', 'true', 'ive', 'done', 'plenti', 'thing', 'regret']"
THEON,"Not compared to me, you haven't.","['compar', 'havent']"
JON,No. Not compared to you.,['compar']
THEON,I always wanted to do the right thing. Be the right kind of person. But I never knew what that meant. It always seemed like there's like there was an impossible choice I had to make. Stark or Greyjoy.,"['alway', 'want', 'right', 'thing', 'right', 'kind', 'person', 'never', 'knew', 'meant', 'alway', 'seem', 'like', 'there', 'like', 'imposs', 'choic', 'make', 'stark', 'greyjoy']"
JON,Our father was more of a father to you than yours ever was.,"['father', 'father', 'ever']"
THEON,He was.,[]
JON,And you betrayed him. Betrayed his memory.,"['betray', 'betray', 'memori']"
THEON,I did.,[]
SOUND EFFECT,(SIGHS),['sigh']
JON,But you never lost him. He's a part of you. Just like he's a part of me.,"['never', 'lost', 'he', 'part', 'like', 'he', 'part']"
THEON,But the things I've done,"['thing', 'ive', 'done']"
JON,"It's not my place to forgive you for all of it. But what I can forgive, I do. You don't need to choose. You're a Greyjoy and you're a Stark.","['place', 'forgiv', 'forgiv', 'dont', 'need', 'choos', 'your', 'greyjoy', 'your', 'stark']"
THEON,"When I was Ramsay's prisoner, Yara tried to save me. She's the only one who tried to save me.","['ramsay', 'prison', 'yara', 'tri', 'save', 'she', 'one', 'tri', 'save']"
SOUND EFFECT,(SNIFFLES),['sniffl']
THEON,She needs me now.,['need']
JON,"So, why are you still talking to me?","['still', 'talk']"
HARRAG,"Load up. Load up, lads. Go on.","['load', 'load', 'lad', 'go']"
SOUND EFFECT,- (CHATTER) -,['chatter']
HARRAG,Tide's coming in.,"['tide', 'come']"
THEON,All of us chose to follow Yara. We left the Iron Islands for Yara. She would never leave one of us behind. We're not leaving her behind.,"['us', 'chose', 'follow', 'yara', 'left', 'iron', 'island', 'yara', 'would', 'never', 'leav', 'one', 'us', 'behind', 'leav', 'behind']"
HARRAG,Your sister's dead.,"['sister', 'dead']"
THEON,She's not dead.,"['she', 'dead']"
HARRAG,"She's dead. Even if Euron hasn't cut her throat yet, she's dead.","['she', 'dead', 'even', 'euron', 'hasnt', 'cut', 'throat', 'yet', 'she', 'dead']"
THEON,She's our queen.,"['she', 'queen']"
HARRAG,"She's your sister, and you left her to die.","['she', 'sister', 'left', 'die']"
THEON,I did. I ran from my uncle. I was a coward.,"['ran', 'uncl', 'coward']"
HARRAG,"So, why in fuck's name should we listen to you? They say the dead can't swim. We're going to sail east, find a nice, quiet island, kill all the men, and take their wives for ourselves.","['fuck', 'name', 'listen', 'say', 'dead', 'cant', 'swim', 'go', 'sail', 'east', 'find', 'nice', 'quiet', 'island', 'kill', 'men', 'take', 'wive']"
THEON,We're done with all that.,['done']
HARRAG,Who says we are?,['say']
THEON,"Yara did. She made a pledge. We're going to find her, and we're going to set her free.","['yara', 'made', 'pledg', 'go', 'find', 'go', 'set', 'free']"
SOUND EFFECT,#NAME?,"['spit', 'men', 'laugh']"
HARRAG,"Run away, little Theon. It's what you do best.","['run', 'away', 'littl', 'theon', 'best']"
MAN,He needs to shut his mouth.,"['need', 'shut', 'mouth']"
SOUND EFFECT,(MEN CHEERING) -,"['men', 'cheer']"
MAN,Hey! - (MEN LAUGHING) - (SHOUTS) -,"['hey', 'men', 'laugh', 'shout']"
MAN #2,"Oh, yes! -","['oh', 'ye']"
MAN #3,That's more like it.,"['that', 'like']"
SOUND EFFECT,#NAME?,"['men', 'laugh', 'grunt']"
HARRAG,Stay down or I'll kill you! (GRUNTS) I said stay down or I'll kill you! (SHOUTING) (GRUNTING) (GRUNTS) (SHOUTS) (GRUNTING) (PANTS),"['stay', 'ill', 'kill', 'grunt', 'said', 'stay', 'ill', 'kill', 'shout', 'grunt', 'grunt', 'shout', 'grunt', 'pant']"
THEON,Not for me. For Yara!,['yara']
MEN,Yara!,['yara']
SANSA,Have my sister brought to the Great Hall.,"['sister', 'brought', 'great', 'hall']"
ARYA,Are you sure you want to do this?,"['sure', 'want']"
SANSA,It's not what I want. It's what honor demands.,"['want', 'honor', 'demand']"
ARYA,And what does honor demand?,"['honor', 'demand']"
SANSA,That I defend my family from those who would harm us. That I defend the North from those who would betray us.,"['defend', 'famili', 'would', 'harm', 'us', 'defend', 'north', 'would', 'betray', 'us']"
ARYA,"All right, then. Get on with it.","['right', 'get']"
SANSA,You stand accused of murder. You stand accused of treason. How do you answer these charges Lord Baelish?,"['stand', 'accus', 'murder', 'stand', 'accus', 'treason', 'answer', 'charg', 'lord', 'baelish']"
ARYA,My sister asked you a question.,"['sister', 'ask', 'question']"
LITTLEFINGER,"Lady Sansa, forgive me I'm a bit confused.","['ladi', 'sansa', 'forgiv', 'im', 'bit', 'confus']"
SANSA,"Which charges confuse you? Let's start with the simplest one you murdered our aunt, Lysa Arryn. You pushed her through the Moon Door and watched her fall. Do you deny it?","['charg', 'confus', 'let', 'start', 'simplest', 'one', 'murder', 'aunt', 'lysa', 'arryn', 'push', 'moon', 'door', 'watch', 'fall', 'deni']"
LITTLEFINGER,I did it to protect you.,['protect']
SANSA,"You did it to take power in the Vale. Earlier, you conspired to murder Jon Arryn. You gave Lysa Tears of Lys to poison him. Do you deny it?","['take', 'power', 'vale', 'earlier', 'conspir', 'murder', 'jon', 'arryn', 'gave', 'lysa', 'tear', 'ly', 'poison', 'deni']"
LITTLEFINGER,Whatever your aunt might have told you she was a troubled woman. She imagined enemies everywhere.,"['whatev', 'aunt', 'might', 'told', 'troubl', 'woman', 'imagin', 'enemi', 'everywher']"
SANSA,"You had Aunt Lysa send a letter to our parents telling them it was the Lannisters who murdered Jon Arryn when, really, it was you. The conflict between the Starks and the Lannisters, it was you who started it. Do you deny it?","['aunt', 'lysa', 'send', 'letter', 'parent', 'tell', 'lannist', 'murder', 'jon', 'arryn', 'realli', 'conflict', 'stark', 'lannist', 'start', 'deni']"
LITTLEFINGER,I know of no such letter.,"['know', 'letter']"
SANSA,"You conspired with Cersei Lannister and Joffrey Baratheon to betray our father, Ned Stark. Thanks to your treachery, he was imprisoned and later executed on false charges of treason. Do you deny it?","['conspir', 'cersei', 'lannist', 'joffrey', 'baratheon', 'betray', 'father', 'ned', 'stark', 'thank', 'treacheri', 'imprison', 'later', 'execut', 'fals', 'charg', 'treason', 'deni']"
LITTLEFINGER,I deny it! None of you were there to see what happened. None of you knows the truth.,"['deni', 'none', 'see', 'happen', 'none', 'know', 'truth']"
BRAN,"You held a knife to his throat. You said, ""I did warn you not the trust me.""","['held', 'knife', 'throat', 'said', 'warn', 'trust']"
ARYA,You told our mother this knife belonged to Tyrion Lannister. But that was another one of your lies. It was yours.,"['told', 'mother', 'knife', 'belong', 'tyrion', 'lannist', 'anoth', 'one', 'lie']"
LITTLEFINGER,"Lady Sansa, I have known you since you were a girl. I've protected you.","['ladi', 'sansa', 'known', 'sinc', 'girl', 'ive', 'protect']"
SANSA,Protected me? By selling me to the Boltons?,"['protect', 'sell', 'bolton']"
LITTLEFINGER,"If we could speak alone, I can explain everything.","['could', 'speak', 'alon', 'explain', 'everyth']"
SANSA,"Sometimes when I'm trying to understand a person's motives, I play a little game. I assume the worst. What's the worst reason you have for turning me against my sister? That's what you do, isn't it? That's what you've always done turn family against family, turn sister against sister. That's what you did to our mother and Aunt Lysa, and that's what you tried to do to us.","['sometim', 'im', 'tri', 'understand', 'person', 'motiv', 'play', 'littl', 'game', 'assum', 'worst', 'what', 'worst', 'reason', 'turn', 'sister', 'that', 'isnt', 'that', 'youv', 'alway', 'done', 'turn', 'famili', 'famili', 'turn', 'sister', 'sister', 'that', 'mother', 'aunt', 'lysa', 'that', 'tri', 'us']"
LITTLEFINGER,"Sansa, please.","['sansa', 'pleas']"
SANSA,"I'm a slow learner, it's true. But I learn.","['im', 'slow', 'learner', 'true', 'learn']"
LITTLEFINGER,Give me a chance to defend myself. I deserve that. I am Lord Protector of the Vale and I command you to escort me safely back to the Eyrie.,"['give', 'chanc', 'defend', 'deserv', 'lord', 'protector', 'vale', 'command', 'escort', 'safe', 'back', 'eyri']"
YOHN,I think not.,['think']
LITTLEFINGER,"Sansa, I beg you! I loved your mother since the time I was a boy.","['sansa', 'beg', 'love', 'mother', 'sinc', 'time', 'boy']"
SANSA,"And yet, you betrayed her.","['yet', 'betray']"
LITTLEFINGER,I loved you. More than anyone.,"['love', 'anyon']"
SANSA,"And yet, you betrayed me. When you brought me back to Winterfell, you told me there's no justice in the world, not unless we make it. Thank you for all your many lessons, Lord Baelish. I will never forget them.","['yet', 'betray', 'brought', 'back', 'winterfel', 'told', 'there', 'justic', 'world', 'unless', 'make', 'thank', 'mani', 'lesson', 'lord', 'baelish', 'never', 'forget']"
LITTLEFINGER,Sansa! (GASPS) I,"['sansa', 'gasp']"
JAIME,Our men in King's Landing will march north in three days' time.,"['men', 'king', 'land', 'march', 'north', 'three', 'day', 'time']"
MAN,It'll take us a fortnight just to gather supplies for the train.,"['itll', 'take', 'us', 'fortnight', 'gather', 'suppli', 'train']"
JAIME,"We don't have a fortnight. If the North falls, we fall. Three days. The remaining forces in the Westerlands will take the river road east. We'll meet at Lord Harroway's Town and march together to Winterfell.","['dont', 'fortnight', 'north', 'fall', 'fall', 'three', 'day', 'remain', 'forc', 'westerland', 'take', 'river', 'road', 'east', 'well', 'meet', 'lord', 'harroway', 'town', 'march', 'togeth', 'winterfel']"
CERSEI,Ser Jaime.,"['ser', 'jaim']"
JAIME,Your Grace.,['grace']
CERSEI,"My lords, I need a moment with my brother.","['lord', 'need', 'moment', 'brother']"
MEN,Your Grace.,['grace']
CERSEI,What are you doing?,[]
JAIME,Preparing the expedition north.,"['prepar', 'expedit', 'north']"
CERSEI,"Expedition north? I always knew you were the stupidest Lannister. The Starks and Targaryens have united against us, and you want to fight alongside them? Are you a traitor or an idiot?","['expedit', 'north', 'alway', 'knew', 'stupidest', 'lannist', 'stark', 'targaryen', 'unit', 'us', 'want', 'fight', 'alongsid', 'traitor', 'idiot']"
JAIME,You pledged our forces to fight our common enemy,"['pledg', 'forc', 'fight', 'common', 'enemi']"
CERSEI,"I'll say whatever I need to say to ensure the survival of our house. You expect me to trust the man who murdered our father? You expect me to command our troops to fight beside foreign scum, to fight for the Dragon Queen?","['ill', 'say', 'whatev', 'need', 'say', 'ensur', 'surviv', 'hous', 'expect', 'trust', 'man', 'murder', 'father', 'expect', 'command', 'troop', 'fight', 'besid', 'foreign', 'scum', 'fight', 'dragon', 'queen']"
JAIME,You saw it with your own eyes. You saw a dead man trying to kill us.,"['saw', 'eye', 'saw', 'dead', 'man', 'tri', 'kill', 'us']"
CERSEI,"I saw it burn. If dragons can't stop them, if Dothraki and Unsullied and Northmen can't stop them, how will our armies make a difference?","['saw', 'burn', 'dragon', 'cant', 'stop', 'dothraki', 'unsulli', 'northmen', 'cant', 'stop', 'armi', 'make', 'differ']"
JAIME,"This isn't about noble houses, this is about the living and the dead!","['isnt', 'nobl', 'hous', 'live', 'dead']"
CERSEI,And I intend to stay amongst the living. Let the Stark boy and his new queen defend the North. We stay here where we've always been.,"['intend', 'stay', 'amongst', 'live', 'let', 'stark', 'boy', 'new', 'queen', 'defend', 'north', 'stay', 'weve', 'alway']"
JAIME,I made a promise.,"['made', 'promis']"
CERSEI,Our child will rule Westeros.,"['child', 'rule', 'westero']"
JAIME,Our child will never be born if the dead come south.,"['child', 'never', 'born', 'dead', 'come', 'south']"
CERSEI,"The monsters are real. The white walkers, the dragons, the Dothraki screamers all the frightening stories we heard when we were young, they're all real. So be it. Let the monsters kill each other. And while they battle in the North, we take back the lands that belong to us.","['monster', 'real', 'white', 'walker', 'dragon', 'dothraki', 'screamer', 'frighten', 'stori', 'heard', 'young', 'theyr', 'real', 'let', 'monster', 'kill', 'battl', 'north', 'take', 'back', 'land', 'belong', 'us']"
JAIME,And then what?,[]
CERSEI,And then we rule.,['rule']
JAIME,"When the fighting in the North is over, someone wins. You understand that, don't you? If the dead win, they march south and kill us all. If the living win, and we've betrayed them, they march south and kill us all!","['fight', 'north', 'someon', 'win', 'understand', 'dont', 'dead', 'win', 'march', 'south', 'kill', 'us', 'live', 'win', 'weve', 'betray', 'march', 'south', 'kill', 'us']"
CERSEI,The Targaryens and the Starks already want to kill us all. Most of them will die in the North.,"['targaryen', 'stark', 'alreadi', 'want', 'kill', 'us', 'die', 'north']"
JAIME,I faced them in the field. We can't beat them. We can't beat their dragons.,"['face', 'field', 'cant', 'beat', 'cant', 'beat', 'dragon']"
CERSEI,How many dragons did you see at the pit?,"['mani', 'dragon', 'see', 'pit']"
JAIME,Two.,['two']
CERSEI,What happened to the third?,"['happen', 'third']"
JAIME,"For all we know, it's guarding her fleet!","['know', 'guard', 'fleet']"
CERSEI,"She came here with her dragons and her Dothraki and her Unsullied. She came here to show us all her power. No, something happened. The dragons are vulnerable.","['came', 'dragon', 'dothraki', 'unsulli', 'came', 'show', 'us', 'power', 'someth', 'happen', 'dragon', 'vulner']"
JAIME,We can't beat the Dothraki. We don't have the numbers. We don't have the support of the other houses!,"['cant', 'beat', 'dothraki', 'dont', 'number', 'dont', 'support', 'hous']"
CERSEI,"No, we have something better. We have the Iron Bank. You should've listened more when Father spoke about the importance of gold. Oh, I know it's boring for you. You just wanted to hunt and ride and fight. But I listened, I learned. Highgarden bought us the most powerful army in Essos the Golden Company. 20,000 men, horses, elephants, I believe.","['someth', 'better', 'iron', 'bank', 'shouldv', 'listen', 'father', 'spoke', 'import', 'gold', 'oh', 'know', 'bore', 'want', 'hunt', 'ride', 'fight', 'listen', 'learn', 'highgarden', 'bought', 'us', 'power', 'armi', 'esso', 'golden', 'compani', '20000', 'men', 'hors', 'eleph', 'believ']"
JAIME,The Golden Company is not here. They're in Essos. How is a mercenary company in Essos going to help us?,"['golden', 'compani', 'theyr', 'esso', 'mercenari', 'compani', 'esso', 'go', 'help', 'us']"
CERSEI,Do you really think Euron Greyjoy turned tail and sailed back to the Iron Islands? Do you think he abandoned the chance to marry the queen? No one walks away from me. He's sailing with his fleet to Essos. He's going to ferry the Golden Company back here to help us win the war for Westeros.,"['realli', 'think', 'euron', 'greyjoy', 'turn', 'tail', 'sail', 'back', 'iron', 'island', 'think', 'abandon', 'chanc', 'marri', 'queen', 'one', 'walk', 'away', 'he', 'sail', 'fleet', 'esso', 'he', 'go', 'ferri', 'golden', 'compani', 'back', 'help', 'us', 'win', 'war', 'westero']"
JAIME,"You plotted with Euron Greyjoy without telling me, the commander of your armies?","['plot', 'euron', 'greyjoy', 'without', 'tell', 'command', 'armi']"
CERSEI,"And you conspired with Tyrion, the man who murdered our father, without telling me, your queen.","['conspir', 'tyrion', 'man', 'murder', 'father', 'without', 'tell', 'queen']"
JAIME,I didn't conspire with him.,"['didnt', 'conspir']"
CERSEI,You met with him in secret without my consent. You planned to promote my enemies' interests. That is the definition of conspiracy.,"['met', 'secret', 'without', 'consent', 'plan', 'promot', 'enemi', 'interest', 'definit', 'conspiraci']"
JAIME,I pledged to ride north. I intend to honor that pledge.,"['pledg', 'ride', 'north', 'intend', 'honor', 'pledg']"
CERSEI,And that will be treason.,['treason']
JAIME,Treason?,['treason']
CERSEI,"Disobeying your queen's command, fighting with her enemies. What would you call it?","['disobey', 'queen', 'command', 'fight', 'enemi', 'would', 'call']"
JAIME,Doesn't matter what I'd call it.,"['doesnt', 'matter', 'id', 'call']"
CERSEI,I told you no one walks away from me.,"['told', 'one', 'walk', 'away']"
JAIME,"Are you going to order him to kill me? I'm the only one you have left. Our children are gone, our father is gone. It's just me and you now.","['go', 'order', 'kill', 'im', 'one', 'left', 'children', 'gone', 'father', 'gone']"
CERSEI,There's one more yet to come.,"['there', 'one', 'yet', 'come']"
JAIME,"Give the order, then. I don't believe you.","['give', 'order', 'dont', 'believ']"
SOUND EFFECT,(CHATTER) - (KNOCKING ON DOOR) -,"['chatter', 'knock', 'door']"
BRAN,Come in. Samwell Tarly.,"['come', 'samwel', 'tarli']"
SAMWELL,I wasn't sure if you'd remember me.,"['wasnt', 'sure', 'youd', 'rememb']"
BRAN,I remember everything.,"['rememb', 'everyth']"
SOUND EFFECT,(DOOR CLOSES),"['door', 'close']"
BRAN,You helped us get beyond the Wall. You're a good man.,"['help', 'us', 'get', 'beyond', 'wall', 'your', 'good', 'man']"
SAMWELL,"Oh, well, thank you, but, um, I'm not sure that I am. What happened to you beyond the Wall?","['oh', 'well', 'thank', 'um', 'im', 'sure', 'happen', 'beyond', 'wall']"
BRAN,I became the Three-Eyed Raven.,"['becam', 'threeey', 'raven']"
SAMWELL,Oh! I don't know what that means.,"['oh', 'dont', 'know', 'mean']"
BRAN,I can see things that happened in the past. I can see things happening now all over the world. Why did you come to Winterfell?,"['see', 'thing', 'happen', 'past', 'see', 'thing', 'happen', 'world', 'come', 'winterfel']"
SAMWELL,"Um Jon's the one to lead the fight against the dead. I know he is. But he can't do it alone, so I've come here to help him.","['um', 'jon', 'one', 'lead', 'fight', 'dead', 'know', 'cant', 'alon', 'ive', 'come', 'help']"
BRAN,He's on his way back to Winterfell with Daenerys Targaryen.,"['he', 'way', 'back', 'winterfel', 'daeneri', 'targaryen']"
SAMWELL,You you saw this in in a vision? Oh.,"['saw', 'vision', 'oh']"
BRAN,He needs to know the truth.,"['need', 'know', 'truth']"
SAMWELL,The truth about what?,['truth']
Speaker,Line,['line']
BRAN,"About himself. No one knows. No one but me. Jon isn't really my father's son. He's the son of Rhaegar Targaryen and my aunt, Lyanna Stark. He was born in a tower in Dorne. His last name isn't really Snow, it's Sand.","['one', 'know', 'one', 'jon', 'isnt', 'realli', 'father', 'son', 'he', 'son', 'rhaegar', 'targaryen', 'aunt', 'lyanna', 'stark', 'born', 'tower', 'dorn', 'last', 'name', 'isnt', 'realli', 'snow', 'sand']"
SAMWELL,It's not.,[]
BRAN,Dornish bastards are named Sand.,"['dornish', 'bastard', 'name', 'sand']"
SAMWELL,"At the Citadel, I transcribed a High Septon's diary. He annulled Rhaegar's marriage to Elia. He wed Rhaegar and Lyanna in a secret ceremony.","['citadel', 'transcrib', 'high', 'septon', 'diari', 'annul', 'rhaegar', 'marriag', 'elia', 'wed', 'rhaegar', 'lyanna', 'secret', 'ceremoni']"
BRAN,Are you certain?,['certain']
SAMWELL,It's what the High Septon wrote in his private diary. I don't know why he'd lie. Is this something you can see?,"['high', 'septon', 'wrote', 'privat', 'diari', 'dont', 'know', 'hed', 'lie', 'someth', 'see']"
Rhaegar and Lyanna,"Father, Smith, Warrior, Mother, Maiden, Crone, Stranger. - I am hers and she is mine - I am his and he is mine from this day until the end of my days.","['father', 'smith', 'warrior', 'mother', 'maiden', 'crone', 'stranger', 'mine', 'mine', 'day', 'end', 'day']"
BRAN,Robert's Rebellion was built on a lie. Rhaegar didn't kidnap my aunt or rape her. He loved her. And she loved him.,"['robert', 'rebellion', 'built', 'lie', 'rhaegar', 'didnt', 'kidnap', 'aunt', 'rape', 'love', 'love']"
BRAN,And Jon - (BABY CRYING) Jon's real name,"['jon', 'babi', 'cri', 'jon', 'real', 'name']"
LYANNA,"His name is Aegon Targaryen. You have to protect him. Promise me, Ned.","['name', 'aegon', 'targaryen', 'protect', 'promis', 'ned']"
SOUND EFFECT,(PANTING),['pant']
BRAN,He's never been a bastard. He's the heir to the Iron Throne. He needs to know. We need to tell him.,"['he', 'never', 'bastard', 'he', 'heir', 'iron', 'throne', 'need', 'know', 'need', 'tell']"
ARYA,Are you all right?,['right']
SANSA,"It's just strange. In his own horrible way, I believe he loved me.","['strang', 'horribl', 'way', 'believ', 'love']"
ARYA,You did the right thing.,"['right', 'thing']"
SANSA,You did it.,[]
ARYA,I'm just the executioner. You passed the sentence. You're the Lady of Winterfell.,"['im', 'execution', 'pass', 'sentenc', 'your', 'ladi', 'winterfel']"
SANSA,Does that bother you?,['bother']
ARYA,I was never going to be as good a lady as you. So I had to be something else. I never could have survived what you survived.,"['never', 'go', 'good', 'ladi', 'someth', 'els', 'never', 'could', 'surviv', 'surviv']"
SANSA,You would have. You're the strongest person I know.,"['would', 'your', 'strongest', 'person', 'know']"
ARYA,I believe that's the nicest thing you've ever said to me.,"['believ', 'that', 'nicest', 'thing', 'youv', 'ever', 'said']"
SANSA,"Well, don't get used to it. You're still very strange and annoying.","['well', 'dont', 'get', 'use', 'your', 'still', 'strang', 'annoy']"
ARYA,"In winter, we must protect ourselves. Look after one another.","['winter', 'must', 'protect', 'look', 'one', 'anoth']"
SANSA,"Father. ""When the snows fall and the white winds blow, the lone wolf dies, but the pack survives.""","['father', 'snow', 'fall', 'white', 'wind', 'blow', 'lone', 'wolf', 'die', 'pack', 'surviv']"
ARYA,I miss him.,['miss']
SANSA,"Me, too.",[]
SOUND EFFECT,(BIRDS CAWING) (CHATTER),"['bird', 'caw', 'chatter']"
BERIC,It's a long way down.,"['long', 'way']"
TORMUND,Yeah. The crows keep telling me I'll get used to it.,"['yeah', 'crow', 'keep', 'tell', 'ill', 'get', 'use']"
MAN,"I can see movement Watch, on the tree line!","['see', 'movement', 'watch', 'tree', 'line']"
MAN #2,What is it? (RUMBLING) (HORN BLARES) (HORN BLARES) (HORN BLARES) (DRAGON SCREECHING) (GASPS) (DRAGON SCREECHING) (SCREECHING),"['rumbl', 'horn', 'blare', 'horn', 'blare', 'horn', 'blare', 'dragon', 'screech', 'gasp', 'dragon', 'screech', 'screech']"
TORMUND,Come on! - Run! Run! -,"['come', 'run', 'run']"
SOUND EFFECT,"(MEN SHOUTING) (MEN SHOUTING) (GRUNTS, PANTING) (MEN SCREAMING) (SCREAMING) (ALL SHOUTING) (SCREAMING) (ROARS) (ROARS) (MUSIC PLAYING)","['men', 'shout', 'men', 'shout', 'grunt', 'pant', 'men', 'scream', 'scream', 'shout', 'scream', 'roar', 'roar', 'music', 'play']"
